method,seed,epoch,successful_updates,test_accuracy,elapsed_system_s
Delay-only Search,1,1,1563,10.13,7439.6372199652205
Delay-only Search,1,2,3126,29.08,14787.7280679688
Delay-only Search,1,3,4689,32.24,22789.419136449185
Delay-only Search,1,4,6252,50.2,32065.044962394404
Delay-only Search,1,5,7815,51.43,39305.99768244379
Delay-only Search,1,6,9378,47.2,46424.825791650364
Delay-only Search,1,7,10941,54.79,54910.422447505705
Delay-only Search,1,8,12504,60.57,60427.678202816714
Delay-only Search,1,9,14067,55.62,67230.69855667246
Delay-only Search,1,10,15630,63.39,74512.92410268716
Delay-only Search,1,11,17193,65.34,82567.22755867275
Delay-only Search,1,12,18756,64.41,89728.8575072782
Delay-only Search,1,13,20319,60.74,98107.88523326769
Delay-only Search,1,14,21882,67.89,106268.48056003067
Delay-only Search,1,15,23445,66.52,112952.68800126086
Delay-only Search,1,16,25008,65.86,121008.493037117
Delay-only Search,1,17,26571,70.07,129266.72648557677
Delay-only Search,1,18,28134,62.93,136282.9160034131
Delay-only Search,1,19,29697,63.67,142102.4718542083
Delay-only Search,1,20,31260,71.52,148988.8275262469
Delay-only Search,1,21,32823,74.75,156607.64559450196
Delay-only Search,1,22,34386,68.44,164547.44933828406
Delay-only Search,1,23,35949,63.34,171251.00993685707
Delay-only Search,1,24,37512,71.73,178180.52242292117
Delay-only Search,1,25,39075,72.41,184618.80090533907
Delay-only Search,1,26,40638,69.88,191060.76467588934
Delay-only Search,1,27,42201,69.42,197673.93217972794
Delay-only Search,1,28,43764,73.21,204721.60122477703
Delay-only Search,1,29,45327,67.5,210729.8616287358
Delay-only Search,1,30,46890,66.43,218239.371526491
Delay-only Search,1,31,48453,72.8,225635.3293211147
Delay-only Search,1,32,50016,76.38,232729.7126052712
Delay-only Search,1,33,51579,69.54,240873.6154271173
Delay-only Search,1,34,53142,60.23,247517.92446378453
Delay-only Search,1,35,54705,71.19,253845.48570111571
Delay-only Search,1,36,56268,70.55,260549.5386886807
Delay-only Search,1,37,57831,75.47,268117.1616100142
Delay-only Search,1,38,59394,67.72,275527.8824115247
Delay-only Search,1,39,60957,73.67,281643.9831400896
Delay-only Search,1,40,62520,73.96,288426.71576771315
Delay-only Search,1,41,64083,74.42,294643.3066082016
Delay-only Search,1,42,65646,74.49,302624.3827972813
Delay-only Search,1,43,67209,65.15,310993.19081686024
Delay-only Search,1,44,68772,73.68,317748.86272865033
Delay-only Search,1,45,70335,70.67,326113.0223537141
Delay-only Search,1,46,71898,72.82,332333.9996015312
Delay-only Search,1,47,73461,75.17,338975.20606572874
Delay-only Search,1,48,75024,76.51,347328.41295202303
Delay-only Search,1,49,76587,77.46,354720.5863207511
Delay-only Search,1,50,78150,79.24,362688.38210144447
Delay-only Search,1,51,79713,77.28,369766.4982221652
Delay-only Search,1,52,81276,80.79,376592.18891699455
Delay-only Search,1,53,82839,79.54,384470.29124887986
Delay-only Search,1,54,84402,74.24,391446.0723729841
Delay-only Search,1,55,85965,76.9,397162.34812564804
Delay-only Search,1,56,87528,81.68,403187.4498869644
Delay-only Search,1,57,89091,80.37,410241.40890047664
Delay-only Search,1,58,90654,79.88,417430.1233854153
Delay-only Search,1,59,92217,78.75,424893.4347262884
Delay-only Search,1,60,93780,76.94,432044.4247639663
Delay-only Search,1,61,95343,81.15,439158.0122939238
Delay-only Search,1,62,96906,79.31,445667.05674611113
Delay-only Search,1,63,98469,83.43,452767.99329256924
Delay-only Search,1,64,100032,79.23,459233.1175590809
Delay-only Search,1,65,101595,79.59,466533.2616462082
Delay-only Search,1,66,103158,84.83,472748.07736809005
Delay-only Search,1,67,104721,82.63,481011.6796157195
Delay-only Search,1,68,106284,84.59,488942.8189061233
Delay-only Search,1,69,107847,81.73,495592.28905777406
Delay-only Search,1,70,109410,84.2,502339.30736754625
Delay-only Search,1,71,110973,85.93,508601.2185164939
Delay-only Search,1,72,112536,84.89,515757.49091200525
Delay-only Search,1,73,114099,86.11,521677.8415932622
Delay-only Search,1,74,115662,84.35,527583.5173408577
Delay-only Search,1,75,117225,83.83,535214.2728436722
Delay-only Search,1,76,118788,87.9,541435.4046868
Delay-only Search,1,77,120351,87.21,548706.8790529451
Delay-only Search,1,78,121914,87.23,556437.2563024126
Delay-only Search,1,79,123477,88.82,564462.9260742692
Delay-only Search,1,80,125040,90.14,571650.4715470595
Memory-Constrained Search,1,1,1563,10.13,5727.406253786494
Memory-Constrained Search,1,2,3126,29.08,11356.880310691186
Memory-Constrained Search,1,3,4689,32.24,17794.04307406403
Memory-Constrained Search,1,4,6252,50.2,25025.598909548666
Memory-Constrained Search,1,5,7815,51.43,30564.103418725528
Memory-Constrained Search,1,6,9378,47.2,35902.95880674745
Memory-Constrained Search,1,7,10941,54.79,42493.53906737153
Memory-Constrained Search,1,8,12504,60.57,46533.02687423668
Memory-Constrained Search,1,9,14067,55.62,51880.580569347454
Memory-Constrained Search,1,10,15630,63.39,57364.58585713068
Memory-Constrained Search,1,11,17193,65.34,63655.16216394525
Memory-Constrained Search,1,12,18756,64.41,69037.38313090858
Memory-Constrained Search,1,13,20319,60.74,75372.06210988677
Memory-Constrained Search,1,14,21882,67.89,81650.39244854343
Memory-Constrained Search,1,15,23445,66.52,86646.60443739677
Memory-Constrained Search,1,16,25008,65.86,92841.62086393913
Memory-Constrained Search,1,17,26571,70.07,99279.07440628082
Memory-Constrained Search,1,18,28134,62.93,104567.66019147828
Memory-Constrained Search,1,19,29697,63.67,108971.72059118566
Memory-Constrained Search,1,20,31260,71.52,114120.26442757399
Memory-Constrained Search,1,21,32823,74.75,119779.08589800335
Memory-Constrained Search,1,22,34386,68.44,125802.63822060946
Memory-Constrained Search,1,23,35949,63.34,130693.64884028398
Memory-Constrained Search,1,24,37512,71.73,136072.83900934333
Memory-Constrained Search,1,25,39075,72.41,140818.73431003783
Memory-Constrained Search,1,26,40638,69.88,145568.06267069303
Memory-Constrained Search,1,27,42201,69.42,150421.26077204628
Memory-Constrained Search,1,28,43764,73.21,155674.10517964806
Memory-Constrained Search,1,29,45327,67.5,160120.12870247127
Memory-Constrained Search,1,30,46890,66.43,165696.37633061502
Memory-Constrained Search,1,31,48453,72.8,171315.22381833856
Memory-Constrained Search,1,32,50016,76.38,176576.45267535126
Memory-Constrained Search,1,33,51579,69.54,182692.4770119485
Memory-Constrained Search,1,34,53142,60.23,187769.85101136248
Memory-Constrained Search,1,35,54705,71.19,192465.57433811628
Memory-Constrained Search,1,36,56268,70.55,197423.11032289497
Memory-Constrained Search,1,37,57831,75.47,203223.37590961347
Memory-Constrained Search,1,38,59394,67.72,208975.79340306664
Memory-Constrained Search,1,39,60957,73.67,213520.4957928881
Memory-Constrained Search,1,40,62520,73.96,218638.60063156963
Memory-Constrained Search,1,41,64083,74.42,222990.91083268504
Memory-Constrained Search,1,42,65646,74.49,229081.75059424312
Memory-Constrained Search,1,43,67209,65.15,235509.20421374793
Memory-Constrained Search,1,44,68772,73.68,240463.24584819106
Memory-Constrained Search,1,45,70335,70.67,247068.72751044988
Memory-Constrained Search,1,46,71898,72.82,251697.84148766004
Memory-Constrained Search,1,47,73461,75.17,256579.04231379306
Memory-Constrained Search,1,48,75024,76.51,263300.5990010635
Memory-Constrained Search,1,49,76587,77.46,268811.3974097224
Memory-Constrained Search,1,50,78150,79.24,274962.8947083198
Memory-Constrained Search,1,51,79713,77.28,280354.2399720716
Memory-Constrained Search,1,52,81276,80.79,285473.57849154953
Memory-Constrained Search,1,53,82839,79.54,291420.57380660943
Memory-Constrained Search,1,54,84402,74.24,296670.4862414147
Memory-Constrained Search,1,55,85965,76.9,300840.68293587584
Memory-Constrained Search,1,56,87528,81.68,305416.0321470143
Memory-Constrained Search,1,57,89091,80.37,310836.1490157818
Memory-Constrained Search,1,58,90654,79.88,316205.3188490601
Memory-Constrained Search,1,59,92217,78.75,322011.7135023335
Memory-Constrained Search,1,60,93780,76.94,327364.3099361148
Memory-Constrained Search,1,61,95343,81.15,332646.8808795632
Memory-Constrained Search,1,62,96906,79.31,337532.71953484113
Memory-Constrained Search,1,63,98469,83.43,342805.2137823103
Memory-Constrained Search,1,64,100032,79.23,347711.3116303412
Memory-Constrained Search,1,65,101595,79.59,353278.05191040155
Memory-Constrained Search,1,66,103158,84.83,357975.9924970431
Memory-Constrained Search,1,67,104721,82.63,364179.331068716
Memory-Constrained Search,1,68,106284,84.59,370465.6050858875
Memory-Constrained Search,1,69,107847,81.73,375247.84033336665
Memory-Constrained Search,1,70,109410,84.2,380338.2256577061
Memory-Constrained Search,1,71,110973,85.93,385060.48196572537
Memory-Constrained Search,1,72,112536,84.89,390481.42691375455
Memory-Constrained Search,1,73,114099,86.11,394802.2365132285
Memory-Constrained Search,1,74,115662,84.35,399149.70429472695
Memory-Constrained Search,1,75,117225,83.83,404850.782770151
Memory-Constrained Search,1,76,118788,87.9,409749.1695301998
Memory-Constrained Search,1,77,120351,87.21,415296.37726558215
Memory-Constrained Search,1,78,121914,87.23,421089.649269034
Memory-Constrained Search,1,79,123477,88.82,427296.92936877493
Memory-Constrained Search,1,80,125040,90.14,432827.2533895817
PPO,1,1,1563,10.13,5727.037336607462
PPO,1,2,3126,29.08,11356.63647425153
PPO,1,3,4689,32.24,17793.46624240415
PPO,1,4,6252,50.2,25024.979521377187
PPO,1,5,7815,51.43,30563.05401686846
PPO,1,6,9378,47.2,35901.7060965452
PPO,1,7,10941,54.79,42492.345590011755
PPO,1,8,12504,60.57,46531.87019585166
PPO,1,9,14067,55.62,51879.380216946294
PPO,1,10,15630,63.39,57362.96387856874
PPO,1,11,17193,65.34,63653.83346959353
PPO,1,12,18756,64.41,69035.90023945498
PPO,1,13,20319,60.74,75371.09157947845
PPO,1,14,21882,67.89,81649.4697373483
PPO,1,15,23445,66.52,86646.04462664101
PPO,1,16,25008,65.86,92841.12161127866
PPO,1,17,26571,70.07,99278.65687077878
PPO,1,18,28134,62.93,104567.13740380973
PPO,1,19,29697,63.67,108970.83101720284
PPO,1,20,31260,71.52,114119.3974720485
PPO,1,21,32823,74.75,119778.37770611951
PPO,1,22,34386,68.44,125801.67013346085
PPO,1,23,35949,63.34,130692.71062957718
PPO,1,24,37512,71.73,136071.66119151656
PPO,1,25,39075,72.41,140817.49394357976
PPO,1,26,40638,69.88,145566.4659737476
PPO,1,27,42201,69.42,150420.2332444626
PPO,1,28,43764,73.21,155672.52856895284
PPO,1,29,45327,67.5,160118.36320952003
PPO,1,30,46890,66.43,165694.79014014147
PPO,1,31,48453,72.8,171313.53116963725
PPO,1,32,50016,76.38,176574.36382719554
PPO,1,33,51579,69.54,182690.10383156524
PPO,1,34,53142,60.23,187767.68129657512
PPO,1,35,54705,71.19,192462.96398163048
PPO,1,36,56268,70.55,197420.0362626479
PPO,1,37,57831,75.47,203220.0010150408
PPO,1,38,59394,67.72,208972.09627219226
PPO,1,39,60957,73.67,213516.76781215527
PPO,1,40,62520,73.96,218634.6673442579
PPO,1,41,64083,74.42,222986.81870176844
PPO,1,42,65646,74.49,229077.8222596272
PPO,1,43,67209,65.15,235505.4220545337
PPO,1,44,68772,73.68,240459.67823005668
PPO,1,45,70335,70.67,247065.0948762165
PPO,1,46,71898,72.82,251694.23959157223
PPO,1,47,73461,75.17,256575.4858486139
PPO,1,48,75024,76.51,263297.1462896474
PPO,1,49,76587,77.46,268808.1244583331
PPO,1,50,78150,79.24,274959.41143620765
PPO,1,51,79713,77.28,280350.0755077351
PPO,1,52,81276,80.79,285469.25729724567
PPO,1,53,82839,79.54,291415.5926445146
PPO,1,54,84402,74.24,296665.16822439333
PPO,1,55,85965,76.9,300834.97811875923
PPO,1,56,87528,81.68,305410.3815889938
PPO,1,57,89091,80.37,310830.5836604556
PPO,1,58,90654,79.88,316199.4616003046
PPO,1,59,92217,78.75,322005.3273782092
PPO,1,60,93780,76.94,327358.5889436643
PPO,1,61,95343,81.15,332640.68223689205
PPO,1,62,96906,79.31,337525.87651964964
PPO,1,63,98469,83.43,342798.2765206381
PPO,1,64,100032,79.23,347704.39759694476
PPO,1,65,101595,79.59,353270.8873227757
PPO,1,66,103158,84.83,357968.54749379965
PPO,1,67,104721,82.63,364171.77487255103
PPO,1,68,106284,84.59,370457.6540537775
PPO,1,69,107847,81.73,375239.91171627765
PPO,1,70,109410,84.2,380329.50263254944
PPO,1,71,110973,85.93,385051.4167989356
PPO,1,72,112536,84.89,390472.1617754477
PPO,1,73,114099,86.11,394792.57423673704
PPO,1,74,115662,84.35,399139.81581552065
PPO,1,75,117225,83.83,404840.90675477457
PPO,1,76,118788,87.9,409739.22410605184
PPO,1,77,120351,87.21,415286.2568206031
PPO,1,78,121914,87.23,421079.3013713929
PPO,1,79,123477,88.82,427286.5661139817
PPO,1,80,125040,90.14,432817.02244548046
Delay-only Search,2,1,1563,25.48,7552.695973392211
Delay-only Search,2,2,3126,36.82,15713.99081444036
Delay-only Search,2,3,4689,45.76,24116.947459712563
Delay-only Search,2,4,6252,48.15,32338.397823751864
Delay-only Search,2,5,7815,49.89,40913.373226767595
Delay-only Search,2,6,9378,47.29,47540.16734648396
Delay-only Search,2,7,10941,51.79,53296.299298355836
Delay-only Search,2,8,12504,59.89,60998.95823866321
Delay-only Search,2,9,14067,59.16,68065.90999425139
Delay-only Search,2,10,15630,63.53,72721.91903728002
Delay-only Search,2,11,17193,54.32,80052.12364685957
Delay-only Search,2,12,18756,63.89,85907.31513707516
Delay-only Search,2,13,20319,62.93,93577.3443100935
Delay-only Search,2,14,21882,62.57,101138.65477638945
Delay-only Search,2,15,23445,64.63,107686.74913339349
Delay-only Search,2,16,25008,66.63,113538.42803582747
Delay-only Search,2,17,26571,59.37,121962.70418511104
Delay-only Search,2,18,28134,60.73,129288.53422694071
Delay-only Search,2,19,29697,73.38,135649.63633400702
Delay-only Search,2,20,31260,69.01,143929.54349348
Delay-only Search,2,21,32823,66.46,152424.19307997695
Delay-only Search,2,22,34386,68.19,159050.28890678717
Delay-only Search,2,23,35949,66.27,167546.52097633743
Delay-only Search,2,24,37512,65.36,174123.3062728031
Delay-only Search,2,25,39075,69.49,181944.03074318485
Delay-only Search,2,26,40638,71.06,189217.70778129098
Delay-only Search,2,27,42201,69.77,195627.0769131534
Delay-only Search,2,28,43764,74.39,202353.2533356003
Delay-only Search,2,29,45327,70.35,208549.14116634044
Delay-only Search,2,30,46890,66.39,215888.18738055046
Delay-only Search,2,31,48453,67.93,221653.12625348856
Delay-only Search,2,32,50016,76.78,229292.76857575838
Delay-only Search,2,33,51579,68.07,236554.07092429145
Delay-only Search,2,34,53142,73.56,242493.3503780332
Delay-only Search,2,35,54705,73.1,250160.2904451735
Delay-only Search,2,36,56268,69.91,255395.0731086214
Delay-only Search,2,37,57831,75.49,260894.8989164919
Delay-only Search,2,38,59394,73.93,266786.4835749441
Delay-only Search,2,39,60957,64.06,275338.82114850095
Delay-only Search,2,40,62520,70.38,282804.8656326916
Delay-only Search,2,41,64083,75.56,289841.40144195996
Delay-only Search,2,42,65646,70.6,295674.3330425293
Delay-only Search,2,43,67209,75.15,302357.47746276273
Delay-only Search,2,44,68772,72.86,311355.8182361949
Delay-only Search,2,45,70335,74.34,318763.8975675092
Delay-only Search,2,46,71898,77.65,325066.42680556735
Delay-only Search,2,47,73461,76.32,331739.97651924536
Delay-only Search,2,48,75024,76.61,338515.9533628082
Delay-only Search,2,49,76587,72.09,346805.56257647875
Delay-only Search,2,50,78150,73.53,353013.1389736698
Delay-only Search,2,51,79713,77.81,359139.14717041363
Delay-only Search,2,52,81276,78.9,366657.1253609903
Delay-only Search,2,53,82839,73.03,374289.89485819236
Delay-only Search,2,54,84402,78.49,381303.38080884586
Delay-only Search,2,55,85965,69.47,388579.9624704286
Delay-only Search,2,56,87528,78.52,396114.7201108627
Delay-only Search,2,57,89091,78.26,403534.42122597666
Delay-only Search,2,58,90654,78.78,409273.503049348
Delay-only Search,2,59,92217,75.88,416290.25855231227
Delay-only Search,2,60,93780,82.01,422087.29051062005
Delay-only Search,2,61,95343,80.5,429200.65853829385
Delay-only Search,2,62,96906,78.98,437294.09619575075
Delay-only Search,2,63,98469,78.98,442369.8934144335
Delay-only Search,2,64,100032,78.12,451072.36889042193
Delay-only Search,2,65,101595,83.96,458604.5131886433
Delay-only Search,2,66,103158,81.66,465668.6736955133
Delay-only Search,2,67,104721,82.19,471501.05639029655
Delay-only Search,2,68,106284,84.33,477449.533314442
Delay-only Search,2,69,107847,83.66,484654.8630613994
Delay-only Search,2,70,109410,82.72,491137.4557614164
Delay-only Search,2,71,110973,83.73,497702.6442472664
Delay-only Search,2,72,112536,84.27,504487.8763537018
Delay-only Search,2,73,114099,85.39,511721.33255736914
Delay-only Search,2,74,115662,85.74,519593.1127586948
Delay-only Search,2,75,117225,85.9,527394.1387399551
Delay-only Search,2,76,118788,86.91,533795.329614519
Delay-only Search,2,77,120351,86.2,541362.4053471035
Delay-only Search,2,78,121914,86.85,547171.1364842744
Delay-only Search,2,79,123477,88.62,553055.9035486402
Delay-only Search,2,80,125040,88.5,558139.5086946266
Delay-only Search,2,81,126603,88.89,564767.748155307
Delay-only Search,2,82,128166,89.01,570645.0338142827
Delay-only Search,2,83,129729,89.99,578612.256888708
Delay-only Search,2,84,131292,90.24,586650.8577917465
Memory-Constrained Search,2,1,1563,25.48,5747.6271790503015
Memory-Constrained Search,2,2,3126,36.82,11938.214891004522
Memory-Constrained Search,2,3,4689,45.76,18423.271113029194
Memory-Constrained Search,2,4,6252,48.15,24749.53574771708
Memory-Constrained Search,2,5,7815,49.89,31401.17533112251
Memory-Constrained Search,2,6,9378,47.29,36519.61602889222
Memory-Constrained Search,2,7,10941,51.79,40959.08120633501
Memory-Constrained Search,2,8,12504,59.89,46787.843378866644
Memory-Constrained Search,2,9,14067,59.16,52161.794705746506
Memory-Constrained Search,2,10,15630,63.53,55484.89375188272
Memory-Constrained Search,2,11,17193,54.32,61071.97588017131
Memory-Constrained Search,2,12,18756,63.89,65245.06189321519
Memory-Constrained Search,2,13,20319,62.93,71143.82376176317
Memory-Constrained Search,2,14,21882,62.57,76881.31590192202
Memory-Constrained Search,2,15,23445,64.63,81709.85009309408
Memory-Constrained Search,2,16,25008,66.63,85883.91066434878
Memory-Constrained Search,2,17,26571,59.37,92439.93248590713
Memory-Constrained Search,2,18,28134,60.73,97935.36788469643
Memory-Constrained Search,2,19,29697,73.38,102645.27710862487
Memory-Constrained Search,2,20,31260,69.01,109037.06765579518
Memory-Constrained Search,2,21,32823,66.46,115503.1688147255
Memory-Constrained Search,2,22,34386,68.19,120551.80458291974
Memory-Constrained Search,2,23,35949,66.27,126940.64771302855
Memory-Constrained Search,2,24,37512,65.36,131890.6055279673
Memory-Constrained Search,2,25,39075,69.49,137798.2365576053
Memory-Constrained Search,2,26,40638,71.06,143425.99999183716
Memory-Constrained Search,2,27,42201,69.77,148107.21648526363
Memory-Constrained Search,2,28,43764,74.39,153234.2586746923
Memory-Constrained Search,2,29,45327,70.35,157665.84424279106
Memory-Constrained Search,2,30,46890,66.39,163415.0417800135
Memory-Constrained Search,2,31,48453,67.93,167738.31890469202
Memory-Constrained Search,2,32,50016,76.78,173344.13675618556
Memory-Constrained Search,2,33,51579,68.07,179055.54866841278
Memory-Constrained Search,2,34,53142,73.56,183461.8817718237
Memory-Constrained Search,2,35,54705,73.1,189146.2017351591
Memory-Constrained Search,2,36,56268,69.91,192802.0966163776
Memory-Constrained Search,2,37,57831,75.49,196872.58389539953
Memory-Constrained Search,2,38,59394,73.93,201353.53435494547
Memory-Constrained Search,2,39,60957,64.06,207862.6018368247
Memory-Constrained Search,2,40,62520,70.38,213600.7437637481
Memory-Constrained Search,2,41,64083,75.56,218630.8998444474
Memory-Constrained Search,2,42,65646,70.6,222791.9896497861
Memory-Constrained Search,2,43,67209,75.15,227707.8426458005
Memory-Constrained Search,2,44,68772,72.86,234786.06420887398
Memory-Constrained Search,2,45,70335,74.34,240144.80169605662
Memory-Constrained Search,2,46,71898,77.65,244739.52721002867
Memory-Constrained Search,2,47,73461,76.32,249608.20435468468
Memory-Constrained Search,2,48,75024,76.61,254773.86907240757
Memory-Constrained Search,2,49,76587,72.09,261292.3030775229
Memory-Constrained Search,2,50,78150,73.53,266052.88865772734
Memory-Constrained Search,2,51,79713,77.81,270681.4111521254
Memory-Constrained Search,2,52,81276,78.9,276497.5878339703
Memory-Constrained Search,2,53,82839,73.03,282243.2738559441
Memory-Constrained Search,2,54,84402,78.49,287385.9053022785
Memory-Constrained Search,2,55,85965,69.47,292909.23230430455
Memory-Constrained Search,2,56,87528,78.52,298515.8058689524
Memory-Constrained Search,2,57,89091,78.26,303993.34600120934
Memory-Constrained Search,2,58,90654,78.78,308155.3051580747
Memory-Constrained Search,2,59,92217,75.88,313441.42944577977
Memory-Constrained Search,2,60,93780,82.01,317796.30616572744
Memory-Constrained Search,2,61,95343,80.5,323142.51238404214
Memory-Constrained Search,2,62,96906,78.98,329466.6990600919
Memory-Constrained Search,2,63,98469,78.98,333201.8698121236
Memory-Constrained Search,2,64,100032,78.12,340041.2653485927
Memory-Constrained Search,2,65,101595,83.96,345829.0856179578
Memory-Constrained Search,2,66,103158,81.66,350929.5369155081
Memory-Constrained Search,2,67,104721,82.19,355228.41420763184
Memory-Constrained Search,2,68,106284,84.33,359424.8589477637
Memory-Constrained Search,2,69,107847,83.66,364994.7487281366
Memory-Constrained Search,2,70,109410,82.72,369748.4264959894
Memory-Constrained Search,2,71,110973,83.73,374578.3691769169
Memory-Constrained Search,2,72,112536,84.27,379692.4428533359
Memory-Constrained Search,2,73,114099,85.39,384969.33449270885
Memory-Constrained Search,2,74,115662,85.74,391080.7129531487
Memory-Constrained Search,2,75,117225,85.9,396976.2911247419
Memory-Constrained Search,2,76,118788,86.91,401729.5743122593
Memory-Constrained Search,2,77,120351,86.2,407332.8078292455
Memory-Constrained Search,2,78,121914,86.85,411815.9499496861
Memory-Constrained Search,2,79,123477,88.62,416287.9845275636
Memory-Constrained Search,2,80,125040,88.5,420016.54095659376
Memory-Constrained Search,2,81,126603,88.89,424693.0193318225
Memory-Constrained Search,2,82,128166,89.01,429077.21742753545
Memory-Constrained Search,2,83,129729,89.99,435003.59381202044
Memory-Constrained Search,2,84,131292,90.24,441165.5332221669
PPO,2,1,1563,25.48,5747.730090607783
PPO,2,2,3126,36.82,11937.981068198038
PPO,2,3,4689,45.76,18422.52914372583
PPO,2,4,6252,48.15,24748.270796155997
PPO,2,5,7815,49.89,31399.391481985338
PPO,2,6,9378,47.29,36517.55706235805
PPO,2,7,10941,51.79,40956.75237001018
PPO,2,8,12504,59.89,46785.581845636094
PPO,2,9,14067,59.16,52159.185867391265
PPO,2,10,15630,63.53,55481.79965585557
PPO,2,11,17193,54.32,61068.57620091776
PPO,2,12,18756,63.89,65241.83989687309
PPO,2,13,20319,62.93,71140.28882810094
PPO,2,14,21882,62.57,76877.42067448398
PPO,2,15,23445,64.63,81705.23187218599
PPO,2,16,25008,66.63,85878.85971143421
PPO,2,17,26571,59.37,92434.0858425189
PPO,2,18,28134,60.73,97929.04173526318
PPO,2,19,29697,73.38,102639.04719182105
PPO,2,20,31260,69.01,109030.77224057795
PPO,2,21,32823,66.46,115497.0332790252
PPO,2,22,34386,68.19,120545.2479523515
PPO,2,23,35949,66.27,126934.23543585408
PPO,2,24,37512,65.36,131883.7790702551
PPO,2,25,39075,69.49,137790.6484779522
PPO,2,26,40638,71.06,143417.84644459104
PPO,2,27,42201,69.77,148098.59372471017
PPO,2,28,43764,74.39,153225.19629876048
PPO,2,29,45327,70.35,157655.93394420462
PPO,2,30,46890,66.39,163404.34555636492
PPO,2,31,48453,67.93,167727.52904464706
PPO,2,32,50016,76.78,173333.28688148654
PPO,2,33,51579,68.07,179044.27287781273
PPO,2,34,53142,73.56,183450.92499594507
PPO,2,35,54705,73.1,189135.02581050477
PPO,2,36,56268,69.91,192791.20694946047
PPO,2,37,57831,75.49,196861.33227943227
PPO,2,38,59394,73.93,201341.89716065512
PPO,2,39,60957,64.06,207851.44024255968
PPO,2,40,62520,70.38,213589.82997191962
PPO,2,41,64083,75.56,218620.51991663285
PPO,2,42,65646,70.6,222781.29726629247
PPO,2,43,67209,75.15,227696.66892440958
PPO,2,44,68772,72.86,234774.64323023643
PPO,2,45,70335,74.34,240132.3436364857
PPO,2,46,71898,77.65,244727.19675226635
PPO,2,47,73461,76.32,249595.55211698168
PPO,2,48,75024,76.61,254761.53209051842
PPO,2,49,76587,72.09,261279.45924258736
PPO,2,50,78150,73.53,266040.42318381707
PPO,2,51,79713,77.81,270668.83447408315
PPO,2,52,81276,78.9,276484.7456305647
PPO,2,53,82839,73.03,282230.156327179
PPO,2,54,84402,78.49,287372.9102467058
PPO,2,55,85965,69.47,292895.5574331276
PPO,2,56,87528,78.52,298501.3913609473
PPO,2,57,89091,78.26,303978.5510911803
PPO,2,58,90654,78.78,308140.64193905063
PPO,2,59,92217,75.88,313426.57866276335
PPO,2,60,93780,82.01,317781.55456572294
PPO,2,61,95343,80.5,323127.8644042883
PPO,2,62,96906,78.98,329452.26788659644
PPO,2,63,98469,78.98,333187.0604317193
PPO,2,64,100032,78.12,340026.9558381036
PPO,2,65,101595,83.96,345814.7241546635
PPO,2,66,103158,81.66,350915.32758909423
PPO,2,67,104721,82.19,355213.8639524316
PPO,2,68,106284,84.33,359410.0430649168
PPO,2,69,107847,83.66,364979.8480143815
PPO,2,70,109410,82.72,369733.280010174
PPO,2,71,110973,83.73,374563.0449613429
PPO,2,72,112536,84.27,379676.6385290764
PPO,2,73,114099,85.39,384953.1215211514
PPO,2,74,115662,85.74,391064.09217215935
PPO,2,75,117225,85.9,396959.1187459636
PPO,2,76,118788,86.91,401711.90354138496
PPO,2,77,120351,86.2,407314.88846143533
PPO,2,78,121914,86.85,411797.8781668236
PPO,2,79,123477,88.62,416269.53588429984
PPO,2,80,125040,88.5,419997.6738551603
PPO,2,81,126603,88.89,424673.8461443271
PPO,2,82,128166,89.01,429057.92685923085
PPO,2,83,129729,89.99,434984.4306877523
PPO,2,84,131292,90.24,441145.7891514948
Delay-only Search,3,1,1563,31.25,6964.609573358116
Delay-only Search,3,2,3126,36.16,14192.263109436153
Delay-only Search,3,3,4689,48.16,20418.681331399952
Delay-only Search,3,4,6252,49.68,27012.691163009928
Delay-only Search,3,5,7815,57.69,34810.96654713575
Delay-only Search,3,6,9378,67.17,42683.89680130043
Delay-only Search,3,7,10941,62.41,48562.446205162
Delay-only Search,3,8,12504,66.97,55920.802609460705
Delay-only Search,3,9,14067,55.84,64082.02915227029
Delay-only Search,3,10,15630,66.79,71485.9866460839
Delay-only Search,3,11,17193,56.94,78711.68457638635
Delay-only Search,3,12,18756,67.84,84788.54128201182
Delay-only Search,3,13,20319,64.02,91363.26680908776
Delay-only Search,3,14,21882,69.9,98596.09872533899
Delay-only Search,3,15,23445,64.09,104805.89603918699
Delay-only Search,3,16,25008,67.32,112661.34687345172
Delay-only Search,3,17,26571,65.93,118925.65371408561
Delay-only Search,3,18,28134,69.84,126922.99780340528
Delay-only Search,3,19,29697,65.25,133694.46379174571
Delay-only Search,3,20,31260,69.91,141390.4137109886
Delay-only Search,3,21,32823,67.51,149193.0775889774
Delay-only Search,3,22,34386,72.57,157506.8353716806
Delay-only Search,3,23,35949,69.67,164861.36519541408
Delay-only Search,3,24,37512,60.09,170457.79356214494
Delay-only Search,3,25,39075,70.76,179676.37431862383
Delay-only Search,3,26,40638,73.17,187158.57627157876
Delay-only Search,3,27,42201,66.65,194413.53672960456
Delay-only Search,3,28,43764,64.09,202170.7080948217
Delay-only Search,3,29,45327,64.57,210649.13357211868
Delay-only Search,3,30,46890,72.53,216613.90129578448
Delay-only Search,3,31,48453,72.8,222985.13771644875
Delay-only Search,3,32,50016,71.92,231345.58041532157
Delay-only Search,3,33,51579,74.51,238867.6606919465
Delay-only Search,3,34,53142,70.42,245525.93209969887
Delay-only Search,3,35,54705,73.6,253068.53504988167
Delay-only Search,3,36,56268,62.21,260373.30036162533
Delay-only Search,3,37,57831,65.59,267465.103933665
Delay-only Search,3,38,59394,69.54,275756.1283744859
Delay-only Search,3,39,60957,75.27,282471.6759633387
Delay-only Search,3,40,62520,72.75,288622.834852105
Delay-only Search,3,41,64083,75.06,296490.91825535666
Delay-only Search,3,42,65646,73.93,302144.8709665228
Delay-only Search,3,43,67209,70.97,308863.93707892013
Delay-only Search,3,44,68772,74.91,315092.6953608066
Delay-only Search,3,45,70335,75.41,319628.6746444417
Delay-only Search,3,46,71898,76.22,327555.19189360837
Delay-only Search,3,47,73461,78.25,334457.4827193378
Delay-only Search,3,48,75024,73.74,340924.7319790484
Delay-only Search,3,49,76587,74.26,348447.12758670957
Delay-only Search,3,50,78150,67.7,357033.4609176158
Delay-only Search,3,51,79713,76.09,363945.62814727006
Delay-only Search,3,52,81276,75.74,371576.83242039254
Delay-only Search,3,53,82839,75.74,379505.78653411625
Delay-only Search,3,54,84402,77.31,384703.75804381043
Delay-only Search,3,55,85965,80.5,393597.927952492
Delay-only Search,3,56,87528,78.74,401592.4504146769
Delay-only Search,3,57,89091,77.68,409380.6567762361
Delay-only Search,3,58,90654,74.95,416748.7853231492
Delay-only Search,3,59,92217,78.09,424842.80440292764
Delay-only Search,3,60,93780,79.59,430764.70858120464
Delay-only Search,3,61,95343,79.74,437569.58737723314
Delay-only Search,3,62,96906,83.7,443316.15779385116
Delay-only Search,3,63,98469,84.28,452141.1764917337
Delay-only Search,3,64,100032,81.98,461322.6862822355
Delay-only Search,3,65,101595,83.16,467163.1310794676
Delay-only Search,3,66,103158,83.74,475083.70574418514
Delay-only Search,3,67,104721,82.88,481268.3911047056
Delay-only Search,3,68,106284,83.27,488619.85569092375
Delay-only Search,3,69,107847,85.46,496521.9473612312
Delay-only Search,3,70,109410,82.07,504835.7662553144
Delay-only Search,3,71,110973,84.8,512286.47669070045
Delay-only Search,3,72,112536,85.25,519519.5448256323
Delay-only Search,3,73,114099,83.48,526004.4089819306
Delay-only Search,3,74,115662,84.97,532363.2036651386
Delay-only Search,3,75,117225,87.24,539448.1107633889
Delay-only Search,3,76,118788,86.44,546150.4903409622
Delay-only Search,3,77,120351,87.91,552923.5810923929
Delay-only Search,3,78,121914,86.03,560687.1910911639
Delay-only Search,3,79,123477,87.47,567349.2210582793
Delay-only Search,3,80,125040,88.61,574439.5160040006
Delay-only Search,3,81,126603,88.91,581461.2491279247
Delay-only Search,3,82,128166,89.36,589755.452522901
Delay-only Search,3,83,129729,89.93,597122.1581501852
Delay-only Search,3,84,131292,89.82,603990.7004354905
Delay-only Search,3,85,132855,90.24,610545.5254410004
Memory-Constrained Search,3,1,1563,31.25,5199.537589849653
Memory-Constrained Search,3,2,3126,36.16,10765.41810417399
Memory-Constrained Search,3,3,4689,48.16,15416.341872901801
Memory-Constrained Search,3,4,6252,49.68,20395.52383380229
Memory-Constrained Search,3,5,7815,57.69,26316.39917802388
Memory-Constrained Search,3,6,9378,67.17,32360.731638827885
Memory-Constrained Search,3,7,10941,62.41,36709.18440773917
Memory-Constrained Search,3,8,12504,66.97,42207.10574778768
Memory-Constrained Search,3,9,14067,55.84,48215.28309558885
Memory-Constrained Search,3,10,15630,66.79,53854.91699875007
Memory-Constrained Search,3,11,17193,56.94,59408.9118329895
Memory-Constrained Search,3,12,18756,67.84,64093.31800736848
Memory-Constrained Search,3,13,20319,64.02,69019.79921050259
Memory-Constrained Search,3,14,21882,69.9,74477.80668352822
Memory-Constrained Search,3,15,23445,64.09,79309.69728390643
Memory-Constrained Search,3,16,25008,67.32,85300.508442724
Memory-Constrained Search,3,17,26571,65.93,89944.21031984617
Memory-Constrained Search,3,18,28134,69.84,96044.11758014606
Memory-Constrained Search,3,19,29697,65.25,101126.81396537149
Memory-Constrained Search,3,20,31260,69.91,107018.14184481378
Memory-Constrained Search,3,21,32823,67.51,113007.6289184001
Memory-Constrained Search,3,22,34386,72.57,119498.90329182256
Memory-Constrained Search,3,23,35949,69.67,125206.98621224212
Memory-Constrained Search,3,24,37512,60.09,129355.82210437096
Memory-Constrained Search,3,25,39075,70.76,136604.107896016
Memory-Constrained Search,3,26,40638,73.17,142332.3932306198
Memory-Constrained Search,3,27,42201,66.65,147873.36218541607
Memory-Constrained Search,3,28,43764,64.09,153738.26318925418
Memory-Constrained Search,3,29,45327,64.57,160099.34452027356
Memory-Constrained Search,3,30,46890,72.53,164469.87483119522
Memory-Constrained Search,3,31,48453,72.8,169186.99971579664
Memory-Constrained Search,3,32,50016,71.92,175589.28022871682
Memory-Constrained Search,3,33,51579,74.51,181413.4233575349
Memory-Constrained Search,3,34,53142,70.42,186519.57769516492
Memory-Constrained Search,3,35,54705,73.6,192126.25164186914
Memory-Constrained Search,3,36,56268,62.21,197728.86095542042
Memory-Constrained Search,3,37,57831,65.59,203031.49890846948
Memory-Constrained Search,3,38,59394,69.54,209275.70417034713
Memory-Constrained Search,3,39,60957,75.27,214465.03663441163
Memory-Constrained Search,3,40,62520,72.75,219013.89074792556
Memory-Constrained Search,3,41,64083,75.06,224976.0714819146
Memory-Constrained Search,3,42,65646,73.93,229123.47514126124
Memory-Constrained Search,3,43,67209,70.97,233816.95237741256
Memory-Constrained Search,3,44,68772,74.91,238374.44123405885
Memory-Constrained Search,3,45,70335,75.41,241695.13858993017
Memory-Constrained Search,3,46,71898,76.22,247667.92368143916
Memory-Constrained Search,3,47,73461,78.25,253039.7796243844
Memory-Constrained Search,3,48,75024,73.74,257942.54187086914
Memory-Constrained Search,3,49,76587,74.26,263787.4450128829
Memory-Constrained Search,3,50,78150,67.7,270476.75107338285
Memory-Constrained Search,3,51,79713,76.09,275715.3033216471
Memory-Constrained Search,3,52,81276,75.74,281371.7028444056
Memory-Constrained Search,3,53,82839,75.74,287360.7648061656
Memory-Constrained Search,3,54,84402,77.31,291276.2727889064
Memory-Constrained Search,3,55,85965,80.5,298193.8144298576
Memory-Constrained Search,3,56,87528,78.74,304349.0953726795
Memory-Constrained Search,3,57,89091,77.68,310238.27307128964
Memory-Constrained Search,3,58,90654,74.95,315815.4290196504
Memory-Constrained Search,3,59,92217,78.09,321989.13170468656
Memory-Constrained Search,3,60,93780,79.59,326264.35197791364
Memory-Constrained Search,3,61,95343,79.74,331401.67220970336
Memory-Constrained Search,3,62,96906,83.7,335545.0748142951
Memory-Constrained Search,3,63,98469,84.28,342467.6286116328
Memory-Constrained Search,3,64,100032,81.98,349666.40731506364
Memory-Constrained Search,3,65,101595,83.16,353815.0931274123
Memory-Constrained Search,3,66,103158,83.74,359754.1114809779
Memory-Constrained Search,3,67,104721,82.88,364312.5473199382
Memory-Constrained Search,3,68,106284,83.27,369825.63591025386
Memory-Constrained Search,3,69,107847,85.46,375912.52977802424
Memory-Constrained Search,3,70,109410,82.07,382258.2363000271
Memory-Constrained Search,3,71,110973,84.8,387814.50302276626
Memory-Constrained Search,3,72,112536,85.25,393318.99217808305
Memory-Constrained Search,3,73,114099,83.48,398095.71112944296
Memory-Constrained Search,3,74,115662,84.97,402735.8046197264
Memory-Constrained Search,3,75,117225,87.24,408143.8422459548
Memory-Constrained Search,3,76,118788,86.44,412984.0458295558
Memory-Constrained Search,3,77,120351,87.91,418076.76972191955
Memory-Constrained Search,3,78,121914,86.03,423916.3909575543
Memory-Constrained Search,3,79,123477,87.47,428793.2849719281
Memory-Constrained Search,3,80,125040,88.61,434182.9983643505
Memory-Constrained Search,3,81,126603,88.91,439315.0276697577
Memory-Constrained Search,3,82,128166,89.36,445798.6078613906
Memory-Constrained Search,3,83,129729,89.93,451416.1375006194
Memory-Constrained Search,3,84,131292,89.82,456684.5719511011
Memory-Constrained Search,3,85,132855,90.24,461677.18687740254
PPO,3,1,1563,31.25,5230.486141117768
PPO,3,2,3126,36.16,10839.480452087053
PPO,3,3,4689,48.16,15545.023759802243
PPO,3,4,6252,49.68,20597.65256625683
PPO,3,5,7815,57.69,26518.33005220002
PPO,3,6,9378,67.17,32562.595568736513
PPO,3,7,10941,62.41,36911.086446341804
PPO,3,8,12504,66.97,42442.677028413935
PPO,3,9,14067,55.84,48450.48409251611
PPO,3,10,15630,66.79,54187.30380607086
PPO,3,11,17193,56.94,59741.612565133364
PPO,3,12,18756,67.84,64459.00949963101
PPO,3,13,20319,64.02,69385.36839181636
PPO,3,14,21882,69.9,74898.38403406876
PPO,3,15,23445,64.09,79763.38128316108
PPO,3,16,25008,67.32,85776.10625200822
PPO,3,17,26571,65.93,90419.14486580169
PPO,3,18,28134,69.84,96573.64797590295
PPO,3,19,29697,65.25,101785.76878444171
PPO,3,20,31260,69.91,107720.73281210967
PPO,3,21,32823,67.51,113733.14119353845
PPO,3,22,34386,72.57,120223.86281232645
PPO,3,23,35949,69.67,125931.4910648626
PPO,3,24,37512,60.09,130080.28345528999
PPO,3,25,39075,70.76,137328.70297938798
PPO,3,26,40638,73.17,143056.6935953191
PPO,3,27,42201,66.65,148682.4649380095
PPO,3,28,43764,64.09,154600.9668419869
PPO,3,29,45327,64.57,160961.5200700026
PPO,3,30,46890,72.53,165459.0715751024
PPO,3,31,48453,72.8,170175.56115968613
PPO,3,32,50016,71.92,176598.33734654044
PPO,3,33,51579,74.51,182422.2188317471
PPO,3,34,53142,70.42,187581.5074154487
PPO,3,35,54705,73.6,193264.42773804138
PPO,3,36,56268,62.21,198900.2245116465
PPO,3,37,57831,65.59,204289.82683769191
PPO,3,38,59394,69.54,210598.5009420642
PPO,3,39,60957,75.27,215820.48204524405
PPO,3,40,62520,72.75,220463.90330753694
PPO,3,41,64083,75.06,226426.57639861002
PPO,3,42,65646,73.93,230585.51709516082
PPO,3,43,67209,70.97,235278.76934916893
PPO,3,44,68772,74.91,239846.02359967545
PPO,3,45,70335,75.41,243251.78361688502
PPO,3,46,71898,76.22,249224.1130080566
PPO,3,47,73461,78.25,254715.7195875076
PPO,3,48,75024,73.74,259742.92935168665
PPO,3,49,76587,74.26,265844.70474004216
PPO,3,50,78150,67.7,272609.84736842493
PPO,3,51,79713,76.09,277847.7941361207
PPO,3,52,81276,75.74,283547.896933058
PPO,3,53,82839,75.74,289577.724256364
PPO,3,54,84402,77.31,293588.5679010454
PPO,3,55,85965,80.5,300613.4294852487
PPO,3,56,87528,78.74,306792.355826533
PPO,3,57,89091,77.68,312680.6865635316
PPO,3,58,90654,74.95,318269.068581864
PPO,3,59,92217,78.09,324442.6401748255
PPO,3,60,93780,79.59,328837.84941616416
PPO,3,61,95343,79.74,334094.4779574718
PPO,3,62,96906,83.7,338237.6350737377
PPO,3,63,98469,84.28,345160.15594757453
PPO,3,64,100032,81.98,352390.91020445444
PPO,3,65,101595,83.16,356550.9691560262
PPO,3,66,103158,83.74,362489.63584625674
PPO,3,67,104721,82.88,367048.1261962117
PPO,3,68,106284,83.27,372560.78298271686
PPO,3,69,107847,85.46,378669.5815879347
PPO,3,70,109410,82.07,385015.1999330207
PPO,3,71,110973,84.8,390571.4749908932
PPO,3,72,112536,85.25,396075.6090614585
PPO,3,73,114099,83.48,400896.5346757962
PPO,3,74,115662,84.97,405536.4483468007
PPO,3,75,117225,87.24,411034.5725098142
PPO,3,76,118788,86.44,415874.3700213419
PPO,3,77,120351,87.91,420966.74222786096
PPO,3,78,121914,86.03,426806.0113565107
PPO,3,79,123477,87.47,431682.73485892976
PPO,3,80,125040,88.61,437071.84095356305
PPO,3,81,126603,88.91,442203.4530323967
PPO,3,82,128166,89.36,448686.6446013044
PPO,3,83,129729,89.93,454357.8539363585
PPO,3,84,131292,89.82,459725.13119807135
PPO,3,85,132855,90.24,464762.22073832195
